INSERT INTO agents (id, full_name, organization, email, phone, image) VALUES
    (1, 'Lusia Manuel', 'HouseKey', 'lusia.m@housekey.com', '(224) 267-1346', 'images/agents/a-1.jpg'),
    (2, 'Andy Warhol', 'HouseKey', 'andy.w@housekey.com', '(212) 457-2308', 'images/agents/a-2.jpg'),
    (3, 'Tereza Stiles', 'HouseKey', 'tereza.s@housekey.com', '(214) 617-2614', 'images/agents/a-3.jpg'),
    (4, 'Michael Blair', 'HouseKey', 'michael.b@housekey.com', '(267) 388-1637', 'images/agents/a-4.jpg'),
    (5, 'Michelle Ormond', 'HouseKey', 'michelle.o@housekey.com', '(267) 388-1637', 'images/agents/a-5.jpg');

INSERT INTO property_listing (
    id, title, description, property_type, city, zip_code, latitude, longitude, formatted_address, featured,
    price_dollar_sale, price_dollar_rent, price_euro_sale, price_euro_rent, price_dinars_sale, price_dinars_rent,
    bedrooms, bathrooms, garages, area_value, area_unit, year_built, ratings_count, ratings_value,
    published_at, last_update_at, views, agent_id
) VALUES
    (1, 'Modern and quirky flat', 'Lorem ipsum dolor sit amet consectetur adipisicing elit. Praesentium magnam veniam sit reprehenderit deserunt ad voluptates id aperiam veritatis! Nobis saepe quos eveniet numquam vitae quis, tenetur consectetur impedit dolore.', 'Apartment', 'New York', '10033', 40.84915, -73.9351, '611 W 180th St, New York, NY 10033, USA', FALSE, 1300000, NULL, 1160000, NULL, NULL, 6500, 2, 2, 1, 2380, 'ft2', 2007, 3, 280, '2012-08-12 17:17:30', '2019-05-20 14:20:00', 322, 1),
    (2, 'Centrally located office', 'Lorem ipsum dolor sit amet consectetur adipisicing elit. Praesentium magnam veniam sit reprehenderit deserunt ad voluptates id aperiam veritatis! Nobis saepe quos eveniet numquam vitae quis, tenetur consectetur impedit dolore.', 'Office', 'Los Angeles', '90044', 33.95422, -118.29373, '1052 W 91st St, Los Angeles, CA 90044, USA', TRUE, NULL, 6500, NULL, 5800, NULL, 6500, 4, 2, 2, 1500, 'ft2', 2012, 4, 400, '2013-09-12 12:20:30', '2019-05-20 14:20:00', 408, 2),
    (3, 'Comfortable family house', 'Lorem ipsum dolor sit amet consectetur adipisicing elit. Praesentium magnam veniam sit reprehenderit deserunt ad voluptates id aperiam veritatis! Nobis saepe quos eveniet numquam vitae quis, tenetur consectetur impedit dolore.', 'House', 'Seattle', '98104', 47.60276, -122.33144, '3rd Ave & James St, Seattle, WA 98104, USA', FALSE, 2550000, NULL, 2280000, NULL, 25550000, NULL, 3, 1, 1, 2100, 'ft2', 2010, 7, 560, '2011-05-12 18:20:00', '2019-06-18 14:20:00', 587, 3),
    (4, 'Spacious and warm flat', 'Lorem ipsum dolor sit amet consectetur adipisicing elit. Praesentium magnam veniam sit reprehenderit deserunt ad voluptates id aperiam veritatis! Nobis saepe quos eveniet numquam vitae quis, tenetur consectetur impedit dolore.', 'Apartment', 'Chicago', '60604', 41.878113, -87.629799, '55 W Jackson Blvd, Chicago, IL 60604, USA', TRUE, 1450000, NULL, 1300000, NULL, NULL, 6500, 5, 2, 2, 1700, 'ft2', 2002, 3, 220, '2016-10-12 18:20:00', '2019-06-11 14:20:00', 754, 4),
    (5, 'House with a pool', 'Lorem ipsum dolor sit amet consectetur adipisicing elit. Praesentium magnam veniam sit reprehenderit deserunt ad voluptates id aperiam veritatis! Nobis saepe quos eveniet numquam vitae quis, tenetur consectetur impedit dolore.', 'House', 'Seattle', '98108', 47.60323, -122.330276, '5921 17th Ave S, Seattle, WA 98108, USA', TRUE, 4500000, NULL, 4020000, NULL, NULL, 6500, 1, 1, 1, 2200, 'ft2', 2007, 6, 480, '2017-11-20 10:20:00', '2019-04-14 14:20:00', 633, 5),
    (6, 'Bright and sunny house', 'Lorem ipsum dolor sit amet consectetur adipisicing elit. Praesentium magnam veniam sit reprehenderit deserunt ad voluptates id aperiam veritatis! Nobis saepe quos eveniet numquam vitae quis, tenetur consectetur impedit dolore.', 'House', 'Chicago', '60609', 41.81408, -87.66041, '1400 W 44th St, Chicago, IL 60609, USA', TRUE, NULL, 9000, NULL, 8000, NULL, 6500, 2, 2, 1, 1600, 'ft2', 2017, 5, 400, '2013-11-19 18:20:00', '2019-06-08 14:20:00', 256, 1),
    (7, 'Luxury office space', 'Lorem ipsum dolor sit amet consectetur adipisicing elit. Praesentium magnam veniam sit reprehenderit deserunt ad voluptates id aperiam veritatis! Nobis saepe quos eveniet numquam vitae quis, tenetur consectetur impedit dolore.', 'Office', 'New York', '10019', 40.716761, -73.999958, '230 W 55th St, New York, NY 10019, USA', FALSE, 2500000, NULL, 2200000, NULL, NULL, 6500, 2, 2, 1, 3200, 'ft2', 2017, 7, 700, '2017-08-12 18:20:00', '2019-03-29 14:20:00', 470, 2),
    (8, 'Centrally located apartment', 'Lorem ipsum dolor sit amet consectetur adipisicing elit. Praesentium magnam veniam sit reprehenderit deserunt ad voluptates id aperiam veritatis! Nobis saepe quos eveniet numquam vitae quis, tenetur consectetur impedit dolore.', 'Apartment', 'Los Angeles', '90028', 34.10057, -118.32744, '1627 Vine St, Los Angeles, CA 90028, USA', TRUE, NULL, 5600, NULL, 5000, NULL, 6500, 2, 2, 1, 1600, 'ft2', 2017, 4, 380, '2016-03-29 05:20:00', '2019-06-26 14:20:00', 852, 3);

INSERT INTO listing_status (property_listing_id, sort_order, name) VALUES
    (1, 0, 'For Sale'),
    (2, 0, 'For Rent'),
    (2, 1, 'No Fees'),
    (3, 0, 'For Sale'),
    (3, 1, 'Open House'),
    (4, 0, 'Hot Offer'),
    (4, 1, 'No Fees'),
    (5, 0, 'Sold'),
    (5, 1, 'For Sale'),
    (6, 0, 'For Rent'),
    (6, 1, 'No Fees'),
    (7, 0, 'For Sale'),
    (7, 1, 'Hot Offer'),
    (8, 0, 'For Rent'),
    (8, 1, 'No Fees');

INSERT INTO listing_neighborhood (property_listing_id, sort_order, name) VALUES
    (1, 0, 'Astoria'),
    (1, 1, 'Midtown'),
    (2, 0, 'Hollywood'),
    (2, 1, 'Highland Park'),
    (3, 0, 'Belltown'),
    (4, 0, 'Riverdale'),
    (5, 0, 'Queen Anne'),
    (5, 1, 'Belltown'),
    (6, 0, 'Englewood'),
    (6, 1, 'Austin'),
    (7, 0, 'Englewood'),
    (7, 1, 'Austin'),
    (8, 0, 'Englewood'),
    (8, 1, 'Austin');

INSERT INTO listing_street (property_listing_id, sort_order, name) VALUES
    (1, 0, 'Astoria Street #1'),
    (1, 1, 'Midtown Street #2'),
    (2, 0, 'Hollywood Street #2'),
    (2, 1, 'Highland Park Street #1'),
    (3, 0, 'Belltown Street #1'),
    (3, 1, 'Belltown Street #2'),
    (4, 0, 'Riverdale Street #1'),
    (5, 0, 'Queen Anne Street #1'),
    (5, 1, 'Belltown Street #2'),
    (6, 0, 'Englewood Street #2'),
    (6, 1, 'Austin Street #2'),
    (7, 0, 'Englewood Street #2'),
    (7, 1, 'Austin Street #2'),
    (8, 0, 'Englewood Street #2'),
    (8, 1, 'Austin Street #2');

INSERT INTO listing_feature (property_listing_id, sort_order, name) VALUES
    (1, 0, 'Air Conditioning'),
    (1, 1, 'Barbeque'),
    (1, 2, 'Dryer'),
    (1, 3, 'Microwave'),
    (1, 4, 'Refrigerator'),
    (1, 5, 'Fireplace'),
    (1, 6, 'Swimming Pool'),
    (1, 7, 'TV Cable'),
    (1, 8, 'WiFi'),
    (2, 0, 'Air Conditioning'),
    (2, 1, 'Barbeque'),
    (2, 2, 'Dryer'),
    (2, 3, 'Microwave'),
    (2, 4, 'Refrigerator'),
    (2, 5, 'Fireplace'),
    (2, 6, 'Sauna'),
    (2, 7, 'TV Cable'),
    (2, 8, 'WiFi'),
    (3, 0, 'Air Conditioning'),
    (3, 1, 'Barbeque'),
    (3, 2, 'Dryer'),
    (3, 3, 'Microwave'),
    (3, 4, 'Gym'),
    (3, 5, 'Fireplace'),
    (3, 6, 'Sauna'),
    (3, 7, 'TV Cable'),
    (3, 8, 'WiFi'),
    (4, 0, 'Air Conditioning'),
    (4, 1, 'Barbeque'),
    (4, 2, 'Dryer'),
    (4, 3, 'Microwave'),
    (4, 4, 'Gym'),
    (4, 5, 'Fireplace'),
    (4, 6, 'Sauna'),
    (4, 7, 'TV Cable'),
    (4, 8, 'WiFi'),
    (5, 0, 'Air Conditioning'),
    (5, 1, 'Barbeque'),
    (5, 2, 'Dryer'),
    (5, 3, 'Microwave'),
    (5, 4, 'Gym'),
    (5, 5, 'Swimming Pool'),
    (5, 6, 'Sauna'),
    (5, 7, 'TV Cable'),
    (5, 8, 'WiFi'),
    (6, 0, 'Refrigerator'),
    (6, 1, 'Barbeque'),
    (6, 2, 'Dryer'),
    (6, 3, 'Microwave'),
    (6, 4, 'Gym'),
    (6, 5, 'Swimming Pool'),
    (6, 6, 'Sauna'),
    (6, 7, 'TV Cable'),
    (6, 8, 'WiFi'),
    (7, 0, 'Air Conditioning'),
    (7, 1, 'Barbeque'),
    (7, 2, 'Dryer'),
    (7, 3, 'Microwave'),
    (7, 4, 'Gym'),
    (7, 5, 'Swimming Pool'),
    (7, 6, 'Sauna'),
    (7, 7, 'TV Cable'),
    (7, 8, 'WiFi'),
    (8, 0, 'Air Conditioning'),
    (8, 1, 'Refrigerator'),
    (8, 2, 'Dryer'),
    (8, 3, 'Microwave'),
    (8, 4, 'Gym'),
    (8, 5, 'Swimming Pool'),
    (8, 6, 'Sauna'),
    (8, 7, 'TV Cable'),
    (8, 8, 'WiFi');

INSERT INTO listing_additional_feature (property_listing_id, sort_order, name, feature_value) VALUES
    (1, 0, 'Heat', 'Natural Gas'),
    (1, 1, 'Roof', 'Composition/Shingle'),
    (1, 2, 'Floors', 'Wall-to-Wall Carpet'),
    (1, 3, 'Water', 'District/Public'),
    (1, 4, 'Cross Streets', 'Orangethorpe-Gilbert'),
    (1, 5, 'Windows', 'Skylights'),
    (1, 6, 'Flat', '5'),
    (1, 7, 'Childroom', '2'),
    (2, 0, 'Heat', 'Natural Gas'),
    (2, 1, 'Roof', 'Composition/Shingle'),
    (2, 2, 'Floors', 'Wall-to-Wall Carpet'),
    (2, 3, 'Water', 'District/Public'),
    (2, 4, 'Cross Streets', 'Orangethorpe-Gilbert'),
    (2, 5, 'Windows', 'Skylights'),
    (2, 6, 'Flat', '5'),
    (2, 7, 'Childroom', '2'),
    (3, 0, 'Heat', 'Natural Gas'),
    (3, 1, 'Roof', 'Composition/Shingle'),
    (3, 2, 'Floors', 'Wall-to-Wall Carpet'),
    (3, 3, 'Water', 'District/Public'),
    (3, 4, 'Cross Streets', 'Orangethorpe-Gilbert'),
    (3, 5, 'Windows', 'Skylights'),
    (3, 6, 'Flat', '5'),
    (3, 7, 'Childroom', '2'),
    (4, 0, 'Heat', 'Natural Gas'),
    (4, 1, 'Roof', 'Composition/Shingle'),
    (4, 2, 'Floors', 'Wall-to-Wall Carpet'),
    (4, 3, 'Water', 'District/Public'),
    (4, 4, 'Cross Streets', 'Orangethorpe-Gilbert'),
    (4, 5, 'Windows', 'Skylights'),
    (4, 6, 'Flat', '5'),
    (4, 7, 'Childroom', '2'),
    (5, 0, 'Heat', 'Natural Gas'),
    (5, 1, 'Roof', 'Composition/Shingle'),
    (5, 2, 'Floors', 'Wall-to-Wall Carpet'),
    (5, 3, 'Water', 'District/Public'),
    (5, 4, 'Cross Streets', 'Orangethorpe-Gilbert'),
    (5, 5, 'Windows', 'Skylights'),
    (5, 6, 'Flat', '5'),
    (5, 7, 'Childroom', '2'),
    (6, 0, 'Heat', 'Natural Gas'),
    (6, 1, 'Roof', 'Composition/Shingle'),
    (6, 2, 'Floors', 'Wall-to-Wall Carpet'),
    (6, 3, 'Water', 'District/Public'),
    (6, 4, 'Cross Streets', 'Orangethorpe-Gilbert'),
    (6, 5, 'Windows', 'Skylights'),
    (6, 6, 'Flat', '5'),
    (6, 7, 'Childroom', '2'),
    (7, 0, 'Heat', 'Natural Gas'),
    (7, 1, 'Roof', 'Composition/Shingle'),
    (7, 2, 'Floors', 'Wall-to-Wall Carpet'),
    (7, 3, 'Water', 'District/Public'),
    (7, 4, 'Cross Streets', 'Orangethorpe-Gilbert'),
    (7, 5, 'Windows', 'Skylights'),
    (7, 6, 'Flat', '5'),
    (7, 7, 'Childroom', '2'),
    (8, 0, 'Heat', 'Natural Gas'),
    (8, 1, 'Roof', 'Composition/Shingle'),
    (8, 2, 'Floors', 'Wall-to-Wall Carpet'),
    (8, 3, 'Water', 'District/Public'),
    (8, 4, 'Cross Streets', 'Orangethorpe-Gilbert'),
    (8, 5, 'Windows', 'Skylights'),
    (8, 6, 'Flat', '5'),
    (8, 7, 'Childroom', '2');

INSERT INTO listing_gallery_image (property_listing_id, sort_order, small_url, medium_url, big_url) VALUES
    (1, 0, 'images/props/flat-1/1-small.jpg', 'images/props/flat-1/1-medium.jpg', 'images/props/flat-1/1-big.jpg'),
    (1, 1, 'images/props/flat-1/2-small.jpg', 'images/props/flat-1/2-medium.jpg', 'images/props/flat-1/2-big.jpg'),
    (1, 2, 'images/props/flat-1/3-small.jpg', 'images/props/flat-1/3-medium.jpg', 'images/props/flat-1/3-big.jpg'),
    (1, 3, 'images/props/flat-1/4-small.jpg', 'images/props/flat-1/4-medium.jpg', 'images/props/flat-1/4-big.jpg'),
    (2, 0, 'images/props/office/1-small.jpg', 'images/props/office/1-medium.jpg', 'images/props/office/1-big.jpg'),
    (2, 1, 'images/props/office/2-small.jpg', 'images/props/office/2-medium.jpg', 'images/props/office/2-big.jpg'),
    (2, 2, 'images/props/office/3-small.jpg', 'images/props/office/3-medium.jpg', 'images/props/office/3-big.jpg'),
    (2, 3, 'images/props/office/4-small.jpg', 'images/props/office/4-medium.jpg', 'images/props/office/4-big.jpg'),
    (2, 4, 'images/props/office/5-small.jpg', 'images/props/office/5-medium.jpg', 'images/props/office/5-big.jpg'),
    (2, 5, 'images/props/office/6-small.jpg', 'images/props/office/6-medium.jpg', 'images/props/office/6-big.jpg'),
    (3, 0, 'images/props/house-1/1-small.jpg', 'images/props/house-1/1-medium.jpg', 'images/props/house-1/1-big.jpg'),
    (3, 1, 'images/props/house-1/2-small.jpg', 'images/props/house-1/2-medium.jpg', 'images/props/house-1/2-big.jpg'),
    (3, 2, 'images/props/house-1/3-small.jpg', 'images/props/house-1/3-medium.jpg', 'images/props/house-1/3-big.jpg'),
    (3, 3, 'images/props/house-1/4-small.jpg', 'images/props/house-1/4-medium.jpg', 'images/props/house-1/4-big.jpg'),
    (3, 4, 'images/props/house-1/5-small.jpg', 'images/props/house-1/5-medium.jpg', 'images/props/house-1/5-big.jpg'),
    (3, 5, 'images/props/house-1/6-small.jpg', 'images/props/house-1/6-medium.jpg', 'images/props/house-1/6-big.jpg'),
    (4, 0, 'images/props/flat-2/1-small.jpg', 'images/props/flat-2/1-medium.jpg', 'images/props/flat-2/1-big.jpg'),
    (4, 1, 'images/props/flat-2/2-small.jpg', 'images/props/flat-2/2-medium.jpg', 'images/props/flat-2/2-big.jpg'),
    (4, 2, 'images/props/flat-2/3-small.jpg', 'images/props/flat-2/3-medium.jpg', 'images/props/flat-2/3-big.jpg'),
    (4, 3, 'images/props/flat-2/4-small.jpg', 'images/props/flat-2/4-medium.jpg', 'images/props/flat-2/4-big.jpg'),
    (4, 4, 'images/props/flat-2/5-small.jpg', 'images/props/flat-2/5-medium.jpg', 'images/props/flat-2/5-big.jpg'),
    (5, 0, 'images/props/house-3/1-small.jpg', 'images/props/house-3/1-medium.jpg', 'images/props/house-3/1-big.jpg'),
    (5, 1, 'images/props/house-3/2-small.jpg', 'images/props/house-3/2-medium.jpg', 'images/props/house-3/2-big.jpg'),
    (5, 2, 'images/props/house-3/3-small.jpg', 'images/props/house-3/3-medium.jpg', 'images/props/house-3/3-big.jpg'),
    (5, 3, 'images/props/house-3/4-small.jpg', 'images/props/house-3/4-medium.jpg', 'images/props/house-3/4-big.jpg'),
    (6, 0, 'images/props/house-2/1-small.jpg', 'images/props/house-2/1-medium.jpg', 'images/props/house-2/1-big.jpg'),
    (6, 1, 'images/props/house-2/2-small.jpg', 'images/props/house-2/2-medium.jpg', 'images/props/house-2/2-big.jpg'),
    (6, 2, 'images/props/house-2/3-small.jpg', 'images/props/house-2/3-medium.jpg', 'images/props/house-2/3-big.jpg'),
    (6, 3, 'images/props/house-2/4-small.jpg', 'images/props/house-2/4-medium.jpg', 'images/props/house-2/4-big.jpg'),
    (7, 0, 'images/props/office-2/1-small.jpg', 'images/props/office-2/1-medium.jpg', 'images/props/office-2/1-big.jpg'),
    (7, 1, 'images/props/office-2/2-small.jpg', 'images/props/office-2/2-medium.jpg', 'images/props/office-2/2-big.jpg'),
    (7, 2, 'images/props/office-2/3-small.jpg', 'images/props/office-2/3-medium.jpg', 'images/props/office-2/3-big.jpg'),
    (7, 3, 'images/props/office-2/4-small.jpg', 'images/props/office-2/4-medium.jpg', 'images/props/office-2/4-big.jpg'),
    (7, 4, 'images/props/office-2/5-small.jpg', 'images/props/office-2/5-medium.jpg', 'images/props/office-2/5-big.jpg'),
    (7, 5, 'images/props/office-2/6-small.jpg', 'images/props/office-2/6-medium.jpg', 'images/props/office-2/6-big.jpg'),
    (8, 0, 'images/props/apartment/1-small.jpg', 'images/props/apartment/1-medium.jpg', 'images/props/apartment/1-big.jpg'),
    (8, 1, 'images/props/apartment/2-small.jpg', 'images/props/apartment/2-medium.jpg', 'images/props/apartment/2-big.jpg'),
    (8, 2, 'images/props/apartment/3-small.jpg', 'images/props/apartment/3-medium.jpg', 'images/props/apartment/3-big.jpg'),
    (8, 3, 'images/props/apartment/4-small.jpg', 'images/props/apartment/4-medium.jpg', 'images/props/apartment/4-big.jpg'),
    (8, 4, 'images/props/apartment/5-small.jpg', 'images/props/apartment/5-medium.jpg', 'images/props/apartment/5-big.jpg');

INSERT INTO listing_floor_plan (property_listing_id, sort_order, name, description, area_value, area_unit, rooms, baths, image) VALUES
    (1, 0, 'First floor', 'Plan description. Lorem ipsum dolor sit amet consectetur adipisicing elit. Praesentium magnam veniam sit reprehenderit deserunt ad voluptates id aperiam veritatis! Nobis saepe quos eveniet numquam vitae quis, tenetur consectetur impedit dolore.', 1180, 'ft2', 3, 1, 'images/others/plan-1.jpg'),
    (1, 1, 'Second floor', 'Plan description. Lorem ipsum dolor sit amet consectetur adipisicing elit. Praesentium magnam veniam sit reprehenderit deserunt ad voluptates id aperiam veritatis! Nobis saepe quos eveniet numquam vitae quis, tenetur consectetur impedit dolore.', 1200, 'ft2', 5, 2, 'images/others/plan-2.jpg'),
    (2, 0, 'First floor', 'Plan description. Lorem ipsum dolor sit amet consectetur adipisicing elit. Praesentium magnam veniam sit reprehenderit deserunt ad voluptates id aperiam veritatis! Nobis saepe quos eveniet numquam vitae quis, tenetur consectetur impedit dolore.', 1180, 'ft2', 3, 1, 'images/others/plan-1.jpg'),
    (2, 1, 'Second floor', 'Plan description. Lorem ipsum dolor sit amet consectetur adipisicing elit. Praesentium magnam veniam sit reprehenderit deserunt ad voluptates id aperiam veritatis! Nobis saepe quos eveniet numquam vitae quis, tenetur consectetur impedit dolore.', 1200, 'ft2', 5, 2, 'images/others/plan-2.jpg'),
    (3, 0, 'First floor', 'Plan description. Lorem ipsum dolor sit amet consectetur adipisicing elit. Praesentium magnam veniam sit reprehenderit deserunt ad voluptates id aperiam veritatis! Nobis saepe quos eveniet numquam vitae quis, tenetur consectetur impedit dolore.', 1180, 'ft2', 3, 1, 'images/others/plan-1.jpg'),
    (3, 1, 'Second floor', 'Plan description. Lorem ipsum dolor sit amet consectetur adipisicing elit. Praesentium magnam veniam sit reprehenderit deserunt ad voluptates id aperiam veritatis! Nobis saepe quos eveniet numquam vitae quis, tenetur consectetur impedit dolore.', 1200, 'ft2', 5, 2, 'images/others/plan-2.jpg'),
    (4, 0, 'First floor', 'Plan description. Lorem ipsum dolor sit amet consectetur adipisicing elit. Praesentium magnam veniam sit reprehenderit deserunt ad voluptates id aperiam veritatis! Nobis saepe quos eveniet numquam vitae quis, tenetur consectetur impedit dolore.', 1180, 'ft2', 3, 1, 'images/others/plan-1.jpg'),
    (4, 1, 'Second floor', 'Plan description. Lorem ipsum dolor sit amet consectetur adipisicing elit. Praesentium magnam veniam sit reprehenderit deserunt ad voluptates id aperiam veritatis! Nobis saepe quos eveniet numquam vitae quis, tenetur consectetur impedit dolore.', 1200, 'ft2', 5, 2, 'images/others/plan-2.jpg'),
    (5, 0, 'First floor', 'Plan description. Lorem ipsum dolor sit amet consectetur adipisicing elit. Praesentium magnam veniam sit reprehenderit deserunt ad voluptates id aperiam veritatis! Nobis saepe quos eveniet numquam vitae quis, tenetur consectetur impedit dolore.', 1180, 'ft2', 3, 1, 'images/others/plan-1.jpg'),
    (5, 1, 'Second floor', 'Plan description. Lorem ipsum dolor sit amet consectetur adipisicing elit. Praesentium magnam veniam sit reprehenderit deserunt ad voluptates id aperiam veritatis! Nobis saepe quos eveniet numquam vitae quis, tenetur consectetur impedit dolore.', 1200, 'ft2', 5, 2, 'images/others/plan-2.jpg'),
    (6, 0, 'First floor', 'Plan description. Lorem ipsum dolor sit amet consectetur adipisicing elit. Praesentium magnam veniam sit reprehenderit deserunt ad voluptates id aperiam veritatis! Nobis saepe quos eveniet numquam vitae quis, tenetur consectetur impedit dolore.', 1180, 'ft2', 3, 1, 'images/others/plan-1.jpg'),
    (6, 1, 'Second floor', 'Plan description. Lorem ipsum dolor sit amet consectetur adipisicing elit. Praesentium magnam veniam sit reprehenderit deserunt ad voluptates id aperiam veritatis! Nobis saepe quos eveniet numquam vitae quis, tenetur consectetur impedit dolore.', 1200, 'ft2', 5, 2, 'images/others/plan-2.jpg'),
    (7, 0, 'First floor', 'Plan description. Lorem ipsum dolor sit amet consectetur adipisicing elit. Praesentium magnam veniam sit reprehenderit deserunt ad voluptates id aperiam veritatis! Nobis saepe quos eveniet numquam vitae quis, tenetur consectetur impedit dolore.', 1180, 'ft2', 3, 1, 'images/others/plan-1.jpg'),
    (7, 1, 'Second floor', 'Plan description. Lorem ipsum dolor sit amet consectetur adipisicing elit. Praesentium magnam veniam sit reprehenderit deserunt ad voluptates id aperiam veritatis! Nobis saepe quos eveniet numquam vitae quis, tenetur consectetur impedit dolore.', 1200, 'ft2', 5, 2, 'images/others/plan-2.jpg'),
    (8, 0, 'First floor', 'Plan description. Lorem ipsum dolor sit amet consectetur adipisicing elit. Praesentium magnam veniam sit reprehenderit deserunt ad voluptates id aperiam veritatis! Nobis saepe quos eveniet numquam vitae quis, tenetur consectetur impedit dolore.', 1180, 'ft2', 3, 1, 'images/others/plan-1.jpg'),
    (8, 1, 'Second floor', 'Plan description. Lorem ipsum dolor sit amet consectetur adipisicing elit. Praesentium magnam veniam sit reprehenderit deserunt ad voluptates id aperiam veritatis! Nobis saepe quos eveniet numquam vitae quis, tenetur consectetur impedit dolore.', 1200, 'ft2', 5, 2, 'images/others/plan-2.jpg');

INSERT INTO listing_video (property_listing_id, sort_order, name, link) VALUES
    (1, 0, 'Video', 'http://themeseason.com/data/videos/video-1.mp4'),
    (1, 1, 'Video with ''EmbedVideoService''', 'https://www.youtube.com/watch?v=-NInBEdSvp8'),
    (2, 0, 'Video', 'http://themeseason.com/data/videos/video-1.mp4'),
    (2, 1, 'Video with ''EmbedVideoService''', 'https://www.youtube.com/watch?v=-NInBEdSvp8'),
    (3, 0, 'Video', 'http://themeseason.com/data/videos/video-1.mp4'),
    (3, 1, 'Video with ''EmbedVideoService''', 'https://www.youtube.com/watch?v=-NInBEdSvp8'),
    (4, 0, 'Video', 'http://themeseason.com/data/videos/video-1.mp4'),
    (4, 1, 'Video with ''EmbedVideoService''', 'https://www.youtube.com/watch?v=-NInBEdSvp8'),
    (5, 0, 'Video', 'http://themeseason.com/data/videos/video-1.mp4'),
    (5, 1, 'Video with ''EmbedVideoService''', 'https://www.youtube.com/watch?v=-NInBEdSvp8'),
    (6, 0, 'Video', 'http://themeseason.com/data/videos/video-1.mp4'),
    (6, 1, 'Video with ''EmbedVideoService''', 'https://www.youtube.com/watch?v=-NInBEdSvp8'),
    (7, 0, 'Video', 'http://themeseason.com/data/videos/video-1.mp4'),
    (7, 1, 'Video with ''EmbedVideoService''', 'https://www.youtube.com/watch?v=-NInBEdSvp8'),
    (8, 0, 'Video', 'http://themeseason.com/data/videos/video-1.mp4'),
    (8, 1, 'Video with ''EmbedVideoService''', 'https://www.youtube.com/watch?v=-NInBEdSvp8');

