INSERT INTO property_listing (
    id, title, description, property_type, city, zip_code, latitude, longitude, formatted_address, featured,
    price_dollar_sale, price_dollar_rent, price_euro_sale, price_euro_rent, price_dinars_sale, price_dinars_rent,
    bedrooms, bathrooms, garages, area_value, area_unit, year_built, ratings_count, ratings_value,
    published_at, last_update_at, views, agent_id
) VALUES
    (9, 'Tribeca riverfront loft', 'Sunlit loft with oversized windows, wide-plank floors, river views, and a flexible open layout near Hudson River Park.', 'Apartment', 'New York', '10013', 40.71686, -74.01125, '101 Warren St, New York, NY 10013, USA', TRUE, 1850000, NULL, 1650000, NULL, 194250000, NULL, 2, 2, 1, 1720, 'ft2', 2008, 9, 720, '2020-02-14 10:15:00', '2024-03-18 11:20:00', 931, 1),
    (10, 'Silver Lake hillside bungalow', 'Updated hillside bungalow with a private deck, drought tolerant landscaping, and quick access to Sunset Junction.', 'House', 'Los Angeles', '90026', 34.08639, -118.27051, '1819 Sanborn Ave, Los Angeles, CA 90027, USA', FALSE, 975000, NULL, 870000, NULL, 102375000, NULL, 3, 2, 1, 1420, 'ft2', 1938, 6, 480, '2020-05-09 09:45:00', '2024-01-22 13:10:00', 684, 2),
    (11, 'West Loop creative office', 'Brick and timber office suite with conference rooms, exposed ceilings, and excellent access to Fulton Market restaurants.', 'Office', 'Chicago', '60607', 41.88413, -87.64755, '1020 W Randolph St, Chicago, IL 60607, USA', FALSE, NULL, 14500, NULL, 12900, NULL, 1522500, 4, 3, 2, 4100, 'ft2', 2001, 5, 420, '2020-08-19 15:30:00', '2024-02-08 16:40:00', 512, 3),
    (12, 'Capitol Hill townhome', 'Three-level townhome with rooftop deck, attached garage, efficient systems, and a quiet address close to Volunteer Park.', 'House', 'Seattle', '98122', 47.61921, -122.31512, '722 15th Ave E, Seattle, WA 98112, USA', TRUE, 1325000, NULL, 1180000, NULL, 139125000, NULL, 3, 3, 1, 1980, 'ft2', 2016, 8, 640, '2021-01-11 12:00:00', '2024-04-03 09:25:00', 803, 4),
    (13, 'Brooklyn garden duplex', 'Park Slope duplex with a landscaped garden, renovated kitchen, generous storage, and a short walk to Prospect Park.', 'Apartment', 'New York', '11215', 40.67279, -73.98295, '560 5th St, Brooklyn, NY 11215, USA', FALSE, 1520000, NULL, 1360000, NULL, 159600000, NULL, 3, 2, 0, 1510, 'ft2', 1910, 7, 560, '2021-04-28 11:10:00', '2024-05-01 10:30:00', 744, 5),
    (14, 'Santa Monica beach condo', 'Polished condo with ocean breezes, secure parking, a private balcony, and an easy walk to shops on Montana Avenue.', 'Apartment', 'Los Angeles', '90401', 34.01945, -118.49119, '1333 2nd St, Santa Monica, CA 90401, USA', TRUE, 2140000, NULL, 1910000, NULL, 224700000, NULL, 2, 2, 2, 1685, 'ft2', 2014, 10, 840, '2021-07-16 14:35:00', '2024-04-25 14:20:00', 1028, 1),
    (15, 'Lincoln Park row house', 'Classic row house with preserved millwork, finished lower level, garage parking, and a patio off the family room.', 'House', 'Chicago', '60614', 41.92191, -87.65171, '1932 N Dayton St, Chicago, IL 60614, USA', FALSE, 1180000, NULL, 1050000, NULL, 123900000, NULL, 4, 3, 2, 2460, 'ft2', 1895, 4, 360, '2021-10-06 08:50:00', '2024-03-12 15:55:00', 489, 2),
    (16, 'Pioneer Square studio office', 'Efficient office studio in a historic building with tall windows, polished concrete floors, and flexible team space.', 'Office', 'Seattle', '98104', 47.60081, -122.33327, '80 S Jackson St, Seattle, WA 98104, USA', FALSE, NULL, 12500, NULL, 11100, NULL, 1312500, 3, 2, 1, 2850, 'ft2', 1906, 5, 395, '2022-02-18 13:25:00', '2024-02-19 12:15:00', 457, 3),
    (17, 'Chelsea penthouse with terrace', 'Top-floor residence with wraparound terrace, skyline views, direct elevator entry, and a refined entertaining layout.', 'Apartment', 'New York', '10011', 40.74409, -74.00186, '500 W 21st St, New York, NY 10011, USA', TRUE, 3250000, NULL, 2900000, NULL, 341250000, NULL, 3, 3, 2, 2260, 'ft2', 2015, 11, 920, '2022-05-20 16:45:00', '2024-05-10 09:35:00', 1242, 4),
    (18, 'Pasadena craftsman retreat', 'Restored craftsman with a deep front porch, mature trees, detached studio, and period details throughout.', 'House', 'Los Angeles', '91103', 34.15858, -118.15391, '875 N Raymond Ave, Pasadena, CA 91103, USA', FALSE, 1420000, NULL, 1270000, NULL, 149100000, NULL, 4, 2, 2, 2185, 'ft2', 1923, 8, 610, '2022-09-02 10:05:00', '2024-01-31 11:45:00', 671, 5),
    (19, 'River North corner office', 'Move-in ready corner office with glass meeting rooms, reception area, city views, and transit nearby.', 'Office', 'Chicago', '60654', 41.88978, -87.63226, '353 N Clark St, Chicago, IL 60654, USA', TRUE, NULL, 18000, NULL, 16000, NULL, 1890000, 5, 3, 3, 5200, 'ft2', 2009, 6, 510, '2023-01-24 09:20:00', '2024-05-06 16:05:00', 538, 1),
    (20, 'Ballard modern farmhouse', 'Modern farmhouse with open living spaces, a chef kitchen, fenced yard, and quick access to Ballard Avenue.', 'House', 'Seattle', '98107', 47.66807, -122.38531, '1732 NW 60th St, Seattle, WA 98107, USA', FALSE, 1650000, NULL, 1470000, NULL, 173250000, NULL, 4, 3, 2, 2740, 'ft2', 2020, 9, 735, '2023-04-14 12:40:00', '2024-04-12 13:50:00', 796, 2);

INSERT INTO listing_status (property_listing_id, sort_order, name) VALUES
    (9, 0, 'For Sale'),
    (9, 1, 'Hot Offer'),
    (10, 0, 'For Sale'),
    (10, 1, 'Open House'),
    (11, 0, 'For Rent'),
    (11, 1, 'No Fees'),
    (12, 0, 'For Sale'),
    (13, 0, 'For Sale'),
    (13, 1, 'Open House'),
    (14, 0, 'For Sale'),
    (15, 0, 'For Sale'),
    (16, 0, 'For Rent'),
    (16, 1, 'No Fees'),
    (17, 0, 'For Sale'),
    (17, 1, 'Hot Offer'),
    (18, 0, 'For Sale'),
    (18, 1, 'Open House'),
    (19, 0, 'For Rent'),
    (19, 1, 'Hot Offer'),
    (20, 0, 'For Sale');

INSERT INTO listing_neighborhood (property_listing_id, sort_order, name) VALUES
    (9, 0, 'Tribeca'),
    (10, 0, 'Silver Lake'),
    (11, 0, 'West Loop'),
    (12, 0, 'Capitol Hill'),
    (13, 0, 'Park Slope'),
    (14, 0, 'Santa Monica'),
    (15, 0, 'Lincoln Park'),
    (16, 0, 'Pioneer Square'),
    (17, 0, 'Chelsea'),
    (18, 0, 'Pasadena'),
    (19, 0, 'River North'),
    (20, 0, 'Ballard');

INSERT INTO listing_street (property_listing_id, sort_order, name) VALUES
    (9, 0, 'Warren Street'),
    (10, 0, 'Sanborn Avenue'),
    (11, 0, 'Randolph Street'),
    (12, 0, '15th Avenue East'),
    (13, 0, '5th Street'),
    (14, 0, '2nd Street'),
    (15, 0, 'Dayton Street'),
    (16, 0, 'South Jackson Street'),
    (17, 0, 'West 21st Street'),
    (18, 0, 'North Raymond Avenue'),
    (19, 0, 'North Clark Street'),
    (20, 0, 'NW 60th Street');

INSERT INTO listing_feature (property_listing_id, sort_order, name) VALUES
    (9, 0, 'Air Conditioning'),
    (9, 1, 'Dryer'),
    (9, 2, 'Microwave'),
    (9, 3, 'Refrigerator'),
    (9, 4, 'TV Cable'),
    (9, 5, 'WiFi'),
    (10, 0, 'Air Conditioning'),
    (10, 1, 'Barbeque'),
    (10, 2, 'Dryer'),
    (10, 3, 'Fireplace'),
    (10, 4, 'Refrigerator'),
    (10, 5, 'WiFi'),
    (11, 0, 'Air Conditioning'),
    (11, 1, 'Microwave'),
    (11, 2, 'Refrigerator'),
    (11, 3, 'TV Cable'),
    (11, 4, 'WiFi'),
    (12, 0, 'Air Conditioning'),
    (12, 1, 'Dryer'),
    (12, 2, 'Fireplace'),
    (12, 3, 'Microwave'),
    (12, 4, 'Refrigerator'),
    (12, 5, 'WiFi'),
    (13, 0, 'Air Conditioning'),
    (13, 1, 'Dryer'),
    (13, 2, 'Fireplace'),
    (13, 3, 'Microwave'),
    (13, 4, 'Refrigerator'),
    (13, 5, 'WiFi'),
    (14, 0, 'Air Conditioning'),
    (14, 1, 'Dryer'),
    (14, 2, 'Gym'),
    (14, 3, 'Microwave'),
    (14, 4, 'Refrigerator'),
    (14, 5, 'Swimming Pool'),
    (14, 6, 'WiFi'),
    (15, 0, 'Air Conditioning'),
    (15, 1, 'Barbeque'),
    (15, 2, 'Dryer'),
    (15, 3, 'Fireplace'),
    (15, 4, 'Refrigerator'),
    (15, 5, 'WiFi'),
    (16, 0, 'Air Conditioning'),
    (16, 1, 'Microwave'),
    (16, 2, 'Refrigerator'),
    (16, 3, 'TV Cable'),
    (16, 4, 'WiFi'),
    (17, 0, 'Air Conditioning'),
    (17, 1, 'Dryer'),
    (17, 2, 'Gym'),
    (17, 3, 'Microwave'),
    (17, 4, 'Refrigerator'),
    (17, 5, 'Swimming Pool'),
    (17, 6, 'WiFi'),
    (18, 0, 'Air Conditioning'),
    (18, 1, 'Barbeque'),
    (18, 2, 'Dryer'),
    (18, 3, 'Fireplace'),
    (18, 4, 'Refrigerator'),
    (18, 5, 'WiFi'),
    (19, 0, 'Air Conditioning'),
    (19, 1, 'Gym'),
    (19, 2, 'Microwave'),
    (19, 3, 'Refrigerator'),
    (19, 4, 'TV Cable'),
    (19, 5, 'WiFi'),
    (20, 0, 'Air Conditioning'),
    (20, 1, 'Barbeque'),
    (20, 2, 'Dryer'),
    (20, 3, 'Fireplace'),
    (20, 4, 'Microwave'),
    (20, 5, 'Refrigerator'),
    (20, 6, 'WiFi');

INSERT INTO listing_additional_feature (property_listing_id, sort_order, name, feature_value) VALUES
    (9, 0, 'Heat', 'Central'),
    (9, 1, 'Floors', 'Wide-Plank Hardwood'),
    (9, 2, 'Exposure', 'West'),
    (9, 3, 'Building', 'Doorman'),
    (10, 0, 'Heat', 'Forced Air'),
    (10, 1, 'Roof', 'Composition/Shingle'),
    (10, 2, 'Outdoor', 'Private Deck'),
    (10, 3, 'Parking', 'Driveway'),
    (11, 0, 'Heat', 'Central'),
    (11, 1, 'Ceiling', 'Exposed Timber'),
    (11, 2, 'Conference Rooms', '3'),
    (11, 3, 'Access', 'Elevator'),
    (12, 0, 'Heat', 'Heat Pump'),
    (12, 1, 'Roof', 'Membrane'),
    (12, 2, 'Outdoor', 'Rooftop Deck'),
    (12, 3, 'Parking', 'Attached Garage'),
    (13, 0, 'Heat', 'Radiant'),
    (13, 1, 'Floors', 'Hardwood'),
    (13, 2, 'Outdoor', 'Garden'),
    (13, 3, 'Storage', 'Private Basement'),
    (14, 0, 'Heat', 'Central'),
    (14, 1, 'Floors', 'Engineered Hardwood'),
    (14, 2, 'Outdoor', 'Balcony'),
    (14, 3, 'Parking', 'Secure Garage'),
    (15, 0, 'Heat', 'Natural Gas'),
    (15, 1, 'Roof', 'Slate'),
    (15, 2, 'Floors', 'Hardwood'),
    (15, 3, 'Outdoor', 'Patio'),
    (16, 0, 'Heat', 'Central'),
    (16, 1, 'Ceiling', 'High Open Ceiling'),
    (16, 2, 'Workstations', '24'),
    (16, 3, 'Access', 'Freight Elevator'),
    (17, 0, 'Heat', 'Central'),
    (17, 1, 'Floors', 'White Oak'),
    (17, 2, 'Outdoor', 'Wraparound Terrace'),
    (17, 3, 'Building', 'Private Elevator'),
    (18, 0, 'Heat', 'Forced Air'),
    (18, 1, 'Roof', 'Composition/Shingle'),
    (18, 2, 'Floors', 'Oak Hardwood'),
    (18, 3, 'Outdoor', 'Detached Studio'),
    (19, 0, 'Heat', 'Central'),
    (19, 1, 'Conference Rooms', '4'),
    (19, 2, 'Exposure', 'Corner'),
    (19, 3, 'Access', 'Elevator'),
    (20, 0, 'Heat', 'Heat Pump'),
    (20, 1, 'Roof', 'Metal'),
    (20, 2, 'Floors', 'Hardwood'),
    (20, 3, 'Outdoor', 'Fenced Yard');

INSERT INTO listing_gallery_image (property_listing_id, sort_order, small_url, medium_url, big_url) VALUES
    (9, 0, 'images/props/flat-1/1-small.jpg', 'images/props/flat-1/1-medium.jpg', 'images/props/flat-1/1-big.jpg'),
    (9, 1, 'images/props/flat-1/2-small.jpg', 'images/props/flat-1/2-medium.jpg', 'images/props/flat-1/2-big.jpg'),
    (9, 2, 'images/props/flat-1/3-small.jpg', 'images/props/flat-1/3-medium.jpg', 'images/props/flat-1/3-big.jpg'),
    (10, 0, 'images/props/house-1/1-small.jpg', 'images/props/house-1/1-medium.jpg', 'images/props/house-1/1-big.jpg'),
    (10, 1, 'images/props/house-1/2-small.jpg', 'images/props/house-1/2-medium.jpg', 'images/props/house-1/2-big.jpg'),
    (10, 2, 'images/props/house-1/3-small.jpg', 'images/props/house-1/3-medium.jpg', 'images/props/house-1/3-big.jpg'),
    (11, 0, 'images/props/office/1-small.jpg', 'images/props/office/1-medium.jpg', 'images/props/office/1-big.jpg'),
    (11, 1, 'images/props/office/2-small.jpg', 'images/props/office/2-medium.jpg', 'images/props/office/2-big.jpg'),
    (11, 2, 'images/props/office/3-small.jpg', 'images/props/office/3-medium.jpg', 'images/props/office/3-big.jpg'),
    (12, 0, 'images/props/house-2/1-small.jpg', 'images/props/house-2/1-medium.jpg', 'images/props/house-2/1-big.jpg'),
    (12, 1, 'images/props/house-2/2-small.jpg', 'images/props/house-2/2-medium.jpg', 'images/props/house-2/2-big.jpg'),
    (12, 2, 'images/props/house-2/3-small.jpg', 'images/props/house-2/3-medium.jpg', 'images/props/house-2/3-big.jpg'),
    (13, 0, 'images/props/flat-2/1-small.jpg', 'images/props/flat-2/1-medium.jpg', 'images/props/flat-2/1-big.jpg'),
    (13, 1, 'images/props/flat-2/2-small.jpg', 'images/props/flat-2/2-medium.jpg', 'images/props/flat-2/2-big.jpg'),
    (13, 2, 'images/props/flat-2/3-small.jpg', 'images/props/flat-2/3-medium.jpg', 'images/props/flat-2/3-big.jpg'),
    (14, 0, 'images/props/apartment/1-small.jpg', 'images/props/apartment/1-medium.jpg', 'images/props/apartment/1-big.jpg'),
    (14, 1, 'images/props/apartment/2-small.jpg', 'images/props/apartment/2-medium.jpg', 'images/props/apartment/2-big.jpg'),
    (14, 2, 'images/props/apartment/3-small.jpg', 'images/props/apartment/3-medium.jpg', 'images/props/apartment/3-big.jpg'),
    (15, 0, 'images/props/house-3/1-small.jpg', 'images/props/house-3/1-medium.jpg', 'images/props/house-3/1-big.jpg'),
    (15, 1, 'images/props/house-3/2-small.jpg', 'images/props/house-3/2-medium.jpg', 'images/props/house-3/2-big.jpg'),
    (15, 2, 'images/props/house-3/3-small.jpg', 'images/props/house-3/3-medium.jpg', 'images/props/house-3/3-big.jpg'),
    (16, 0, 'images/props/office-2/1-small.jpg', 'images/props/office-2/1-medium.jpg', 'images/props/office-2/1-big.jpg'),
    (16, 1, 'images/props/office-2/2-small.jpg', 'images/props/office-2/2-medium.jpg', 'images/props/office-2/2-big.jpg'),
    (16, 2, 'images/props/office-2/3-small.jpg', 'images/props/office-2/3-medium.jpg', 'images/props/office-2/3-big.jpg'),
    (17, 0, 'images/props/flat-1/2-small.jpg', 'images/props/flat-1/2-medium.jpg', 'images/props/flat-1/2-big.jpg'),
    (17, 1, 'images/props/flat-1/3-small.jpg', 'images/props/flat-1/3-medium.jpg', 'images/props/flat-1/3-big.jpg'),
    (17, 2, 'images/props/flat-1/4-small.jpg', 'images/props/flat-1/4-medium.jpg', 'images/props/flat-1/4-big.jpg'),
    (18, 0, 'images/props/house-1/4-small.jpg', 'images/props/house-1/4-medium.jpg', 'images/props/house-1/4-big.jpg'),
    (18, 1, 'images/props/house-1/5-small.jpg', 'images/props/house-1/5-medium.jpg', 'images/props/house-1/5-big.jpg'),
    (18, 2, 'images/props/house-1/6-small.jpg', 'images/props/house-1/6-medium.jpg', 'images/props/house-1/6-big.jpg'),
    (19, 0, 'images/props/office/4-small.jpg', 'images/props/office/4-medium.jpg', 'images/props/office/4-big.jpg'),
    (19, 1, 'images/props/office/5-small.jpg', 'images/props/office/5-medium.jpg', 'images/props/office/5-big.jpg'),
    (19, 2, 'images/props/office/6-small.jpg', 'images/props/office/6-medium.jpg', 'images/props/office/6-big.jpg'),
    (20, 0, 'images/props/house-2/2-small.jpg', 'images/props/house-2/2-medium.jpg', 'images/props/house-2/2-big.jpg'),
    (20, 1, 'images/props/house-2/3-small.jpg', 'images/props/house-2/3-medium.jpg', 'images/props/house-2/3-big.jpg'),
    (20, 2, 'images/props/house-2/4-small.jpg', 'images/props/house-2/4-medium.jpg', 'images/props/house-2/4-big.jpg');

INSERT INTO listing_floor_plan (property_listing_id, sort_order, name, description, area_value, area_unit, rooms, baths, image) VALUES
    (9, 0, 'Main level', 'Open living and dining area with two bedrooms arranged along the quiet side of the home.', 1720, 'ft2', 4, 2, 'images/others/plan-1.jpg'),
    (10, 0, 'Main level', 'Single-level plan with connected kitchen, dining, and living areas opening to the deck.', 1420, 'ft2', 5, 2, 'images/others/plan-2.jpg'),
    (11, 0, 'Office suite', 'Flexible office layout with reception, open work area, conference rooms, and support space.', 4100, 'ft2', 7, 3, 'images/others/plan-1.jpg'),
    (12, 0, 'Townhome layout', 'Three-level layout with garage entry, main living floor, bedroom level, and rooftop deck access.', 1980, 'ft2', 6, 3, 'images/others/plan-2.jpg'),
    (13, 0, 'Duplex layout', 'Two-level garden duplex with entertaining rooms upstairs and bedrooms below.', 1510, 'ft2', 5, 2, 'images/others/plan-1.jpg'),
    (14, 0, 'Condo layout', 'Efficient split-bedroom condo layout with open living area and balcony access.', 1685, 'ft2', 4, 2, 'images/others/plan-2.jpg'),
    (15, 0, 'Row house layout', 'Traditional row house plan with formal rooms, bedroom level, and finished lower level.', 2460, 'ft2', 7, 3, 'images/others/plan-1.jpg'),
    (16, 0, 'Studio office', 'Open office studio with meeting room, kitchenette, storage, and flexible seating zones.', 2850, 'ft2', 5, 2, 'images/others/plan-2.jpg'),
    (17, 0, 'Penthouse layout', 'Private entry opens to a large entertaining room with bedrooms separated from the terrace edge.', 2260, 'ft2', 5, 3, 'images/others/plan-1.jpg'),
    (18, 0, 'Craftsman layout', 'Classic craftsman floor plan with public rooms at the front and bedrooms along the hall.', 2185, 'ft2', 7, 2, 'images/others/plan-2.jpg'),
    (19, 0, 'Corner office', 'Corner office plan with reception, conference rooms, private offices, and open team area.', 5200, 'ft2', 9, 3, 'images/others/plan-1.jpg'),
    (20, 0, 'Farmhouse layout', 'Open main floor with island kitchen, connected dining, and four bedrooms upstairs.', 2740, 'ft2', 8, 3, 'images/others/plan-2.jpg');

INSERT INTO listing_video (property_listing_id, sort_order, name, link) VALUES
    (9, 0, 'Video', 'http://themeseason.com/data/videos/video-1.mp4'),
    (10, 0, 'Video', 'http://themeseason.com/data/videos/video-1.mp4'),
    (11, 0, 'Video', 'http://themeseason.com/data/videos/video-1.mp4'),
    (12, 0, 'Video', 'http://themeseason.com/data/videos/video-1.mp4'),
    (13, 0, 'Video', 'http://themeseason.com/data/videos/video-1.mp4'),
    (14, 0, 'Video', 'http://themeseason.com/data/videos/video-1.mp4'),
    (15, 0, 'Video', 'http://themeseason.com/data/videos/video-1.mp4'),
    (16, 0, 'Video', 'http://themeseason.com/data/videos/video-1.mp4'),
    (17, 0, 'Video', 'http://themeseason.com/data/videos/video-1.mp4'),
    (18, 0, 'Video', 'http://themeseason.com/data/videos/video-1.mp4'),
    (19, 0, 'Video', 'http://themeseason.com/data/videos/video-1.mp4'),
    (20, 0, 'Video', 'http://themeseason.com/data/videos/video-1.mp4');
